src,dst
他们将我围住，恶作剧的戏笑起来，旁边两个他们一伙的女孩子，又是泥泞的鞋子就伸过来在我清洁的座位上一搁。,他们将我围住，捣蛋地戏笑起来，旁边两个他们一伙的女孩子，又是泥泞的鞋子就伸过来在我清洁的座位上一搁。
桥上一窝蜂一样，她简直看不清一堆堆是些什么人，她只觉得到处都是一条条人影，晃来，晃去，有的穿红，有的穿绿，细细尖尖的高跟鞋，蠢头蠢脑的日本木履，的的笃笃，在水泥桥上用力敲。,桥上十分拥挤，她简直看不清一堆堆是些什么人，她只觉得到处都是一条条人影，晃来，晃去，有的穿红，有的穿绿，细细尖尖的高跟鞋，蠢头蠢脑的日本木履，的的笃笃，在水泥桥上用力敲。
王琦瑶赶紧把牌抹了，说她半路想做清一色，这一对就不想要了。,王琦瑶赶紧把牌抹了，说她半路想做同色，这一对就不想要了。
当时我们的拖拉机出了毛病，母亲急得团团转，见车拦车见人拦人，拦住了就请人家帮忙，但没人愿帮我们的忙。,当时我们的拖拉机出了毛病，母亲十分着急，见车拦车见人拦人，拦住了就请人家帮忙，但没人愿帮我们的忙。
很长时间我们都太政治化，以某种政治观点决定自己的情感投向，而小人在政治观点上几乎是无可无不可的，因此容易同时讨好两面，至少被两面都看成中间状态的友邻。,很长时间我们都太政治化，以某种政治观点决定自己的情感投向，而小人在政治观点上几乎是没有主见的，因此容易同时讨好两面，至少被两面都看成中间状态的友邻。
挂着“总经理”、“董事长”等等头衔的名片满天飞，其中有些单位的全部人马就是“总经理”自己一个人——他们的“公司”就在腋下的皮包里装着。,挂着“总经理”、“董事长”等等头衔的名片到处走动，其中有些单位的全部人马就是“总经理”自己一个人——他们的“公司”就在腋下的皮包里装着。
小轱辘子开了头，五叔也破天荒地讲了个故事，我猜测着五叔这故事是讲给出钱买花生的于大身听的。,小轱辘子开了头，五叔也难得地讲了个故事，我猜测着五叔这故事是讲给出钱买花生的于大身听的。
顾先生平时是不说话的，是一个闷葫芦。,顾先生平时是不说话的，是一个难得张口的人。
然而你应当懂出钱的时候，最好不必让他先送你钉子碰，送不碰钉子处名之曰“里手”。,然而你应当懂出钱的时候，最好不必让他先送你遭拒，送不遭拒处名之曰“里手”。
她想她何苦要去做那不相干人的眼中钉？,她想她何苦要去做那不相干人的障碍？
但是，聪明的，你告诉我，我们的日子为什么一去不复返呢？,但是，聪明的，你告诉我，我们的日子为什么一去不再回来呢？
现在从地球到银河中间的最近的一个星，中间距离，照孙行者一秒钟翻十万八千里的速率计算，恐怕翻一万万年也翻不到，宇宙是何等的大？,现在从地球到银河中间的最近的一个星，中间距离，照孙行者一秒钟翻赤道一圈的速率计算，恐怕翻一万万年也翻不到，宇宙是何等的大？
本来话就不多，加上夹杂这类不中听的口头禅，因此与人交谈很不顺畅。,来话就不多，加上夹杂这类不中听的习惯用语，因此与人交谈很不顺畅。
下一代的这种态度，反倒有可能绕过历史迷魂阵，直问天性、良知和审美直觉，从而留下人类最珍贵的一点东西。,下一代的这种态度，反倒有可能绕过历史阻碍，直问天性、良知和审美直觉，从而留下人类最珍贵的一点东西。
三踅一拍脑门，说：“二叔你是说他们知道了我要告状，先下手为强，设了圈套让我钻？”,三踅一拍脑门，说：“二叔你是说他们知道了我要告状，取得主动地位，设了圈套让我钻？”
天无绝人之路，哪能……”她明知道天“有”绝人之路，可是不能不那么说。,一时绝境总会找到出路，哪能……”她明知道天“有”绝人之路，可是不能不那么说。
特别是定了婚的小姨，象英，因为正恋着自己的天字第一号的男性，不由的便挑剔出姐丈的毛病，以便给她那个人又增补上一些优点。,特别是定了婚的小姨，象英，因为正恋着自己的最强的男性，不由的便挑剔出姐丈的毛病，以便给她那个人又增补上一些优点。
其中一个最善于逢迎凑趣的同事，谈到某时在某地方看到一个妇人从睡梦里被火惊起的情形，因慌乱了一点，如何忘记了自己是女人，他把这个莫须有的故事，用了许多很雅致的名词描画着，大家皆用着温和微笑的脸儿，细心领会到这故事的变化，末了多人皆仿佛若有所得，便互相交换到烟卷，互相很矜持的笑着，表明这笑话虽有趣味，却并不能把大家的身分失去，不如另外一时另外一个人笑话来得更好，因为这个故事是这个无耻的人说出，他们是明白这个人的不好的。,其中一个最善于逢迎凑趣的同事，谈到某时在某地方看到一个妇人从睡梦里被火惊起的情形，因慌乱了一点，如何忘记了自己是女人，他把这个压根没有的故事，用了许多很雅致的名词描画着，大家皆用着温和微笑的脸儿，细心领会到这故事的变化，末了多人皆仿佛若有所得，便互相交换到烟卷，互相很矜持的笑着，表明这笑话虽有趣味，却并不能把大家的身分失去，不如另外一时另外一个人笑话来得更好，因为这个故事是这个无耻的人说出，他们是明白这个人的不好的。
诗人躺在黑夜里，我和诗人百思不得其解。,诗人躺在黑夜里，我和诗人理解不了。
假若天津是唱着文武带打的大戏，北平只是一出空城计。,假若天津是唱着文武带打的大戏，北平只是一出空大戏。
而且他也看出来，这种野娘们什么也干得出来，真要再来个吊死鬼，可得更吃不了兜着走了。,而且他也看出来，这种野娘们什么也干得出来，真要再来个吊死鬼，可得更不放过你。
这一种在帮的花子李三惹不起，他们也不碍李三的事，井水不犯河水。,这一种在帮的花子李三惹不起，他们也不碍李三的事，毫无关系。
是杀人不眨眼的土匪“蓝脸”，我曾经在锅灶里埋了一颗手榴弹炸死了晨起做饭,是无情的土匪“蓝脸”，我曾经在锅灶里埋了一颗手榴弹炸死了晨起做饭
两条扶手的脊岭，西面一条，是从延平东下，直到闽侯结脉的旗山；这山隔着江水，当夕阳照得通明，你站上省城高处，障手向西望去，原也看得浓紫纟因缊；可是究竟路隔得远了一点，可望而不可即，去游的人，自然不多。,两条扶手的脊岭，西面一条，是从延平东下，直到闽侯结脉的旗山；这山隔着江水，当夕阳照得通明，你站上省城高处，障手向西望去，原也看得浓紫纟因缊；可是究竟路隔得远了一点，想到达却到不了，去游的人，自然不多。
如果你是历史学专家，你根本不必去商海里寻找新梦，只要你有慧心，你依然可以从故纸堆里发现吸引人们注意力的新东西，找到通往金钱、美名、实现人生价值的道路。,如果你是历史学专家，你根本不必去商海里寻找新梦，只要你有慧心，你依然可以从古书里发现吸引人们注意力的新东西，找到通往金钱、美名、实现人生价值的道路。
老方和开车的老鲁，对鸭棚的环境都不熟悉，刘跃进对鸭棚熟；老方觉得，刘跃进去偷最合适；可以神不知鬼不觉；但刘跃进不愿去偷：,老方和开车的老鲁，对鸭棚的环境都不熟悉，刘跃进对鸭棚熟；老方觉得，刘跃进去偷最合适；可以不被任何人发现；但刘跃进不愿去偷：
中国驻意大利大使馆的一位朋友告诉我，有次中国领导人访问罗马，计划做了几个月，但当领导人到达前一星期，意大利方面的计划负责人突然不见了，把大家急成了热锅上的蚂蚁，只得重新开始计划。,中国驻意大利大使馆的一位朋友告诉我，有次中国领导人访问罗马，计划做了几个月，但当领导人到达前一星期，意大利方面的计划负责人突然不见了，把大家急死了，只得重新开始计划。
都给我们天星留着，我才不怕旁人说我是'守财奴'呢！,都给我们天星留着，我才不怕旁人说我是'吝啬钱财的人'呢！
并不是这个情人是那么永恒，而是这个里程碑是这么重要。”,并不是这个情人是那么永恒，而是这个表率是这么重要。”
许宝皮笑肉不笑地说，“这家伙，多少还有些,许宝假笑地说，“这家伙，多少还有些
金狗知道福运是被那阵势吓昏了，他想象得出来公安人员职业性的脾气，更想象得出来老诚的福运在那里一受惊而前言不搭后语的可怜相。,金狗知道福运是被那阵势吓昏了，他想象得出来公安人员职业性的脾气，更想象得出来老诚的福运在那里一受惊而不会说话的可怜相。
我有几分假惺惺地迎上去，问它：“哥们儿，没事吧？”,我有几分假意迎上去，问它：“哥们儿，没事吧？”
夜晚漆黑，伸手不见五指，我的班长要去拉屎，又怕掉进茅坑，他点起一把稻草，举着，像举着火炬照耀道路。,夜晚漆黑，伸手看不见五个手指，我的班长要去拉屎，又怕掉进茅坑，他点起一把稻草，举着，像举着火炬照耀道路。
古时候的人‘敢怒而不敢言’，你连怒都不敢了么？”,古时候的人‘敢发怒不敢发声’，你连怒都不敢了么？”
他不像李葫芦，他手下战斗队大，有势力，所以有资格坐山观虎斗。,他不像李葫芦，他手下战斗队大，有势力，所以有资格坐观战局势。
原来我们的山峒，前面的路是那么陡险，差不多一刀切下的石壁，真是梦境的景致！,原来我们的山峒，前面的路是那么陡险，差不多极端的石壁，真是梦境的景致！
一、家丑不可外扬，谁也不能说咱这儿的事。,一、家里的丑事不好外传，谁也不能说咱这儿的事。
旧社会有一个说法，把她们叫做“小人行”，是三百六十行里头的一样，好歹也是一只饭碗。,旧社会有一个说法，把她们叫做“小人行”，是众多行业里头的一样，好歹也是一只饭碗。
一言以蔽之，女人就得像个女人的样子。,一句话说，女人就得像个女人的样子。
正在对了这魔都的夜景，感到不安与疑惑的中间，背后房里的几位哥哥的朋友，却谈到了天蟾舞台的迷人的戏剧；晚餐吃后，有人做东道主请去看戏，我自然也做了花楼包厢里的观众的一人。,正在对了这魔都的夜景，感到不安与疑惑的中间，背后房里的几位哥哥的朋友，却谈到了天蟾舞台的迷人的戏剧；晚餐吃后，有人做为接待的主人请去看戏，我自然也做了花楼包厢里的观众的一人。
大院里这样的人多了，老跟“文明”人学；好象“文明”人的吹胡子瞪眼睛是应当应分。,大院里这样的人多了，老跟“文明”人学；好象“文明”人的发脾气是应当应分。
又打量屋内仙境般的陈设，感叹北京和老家，就是不同；菜相同，环境不同；或菜相同，人却不同；同是自己，在本县和在北京，又是不同；真是此一时彼一时。,又打量屋内仙境般的陈设，感叹北京和老家，就是不同；菜相同，环境不同；或菜相同，人却不同；同是自己，在本县和在北京，又是不同；真是不能比较。
然而我们这双鞋，却费尽了九牛二虎之力。,然而我们这双鞋，却费尽了力气。
小偷间，常因为生意和地盘火并，曹哥杀着鸭子，与他们排解过几次；几次即将发生的流血事件，都因为曹哥的调解，化干戈为玉帛。,小偷间，常因为生意和地盘火并，曹哥杀着鸭子，与他们排解过几次；几次即将发生的流血事件，都因为曹哥的调解，化解矛盾。
“你的名字没起错，你不是‘真’聪明，你是‘假’聪明；你不是‘假’聪明，你是过于聪明，你是聪明反被聪明误！”,“你的名字没起错，你不是‘真’聪明，你是‘假’聪明；你不是‘假’聪明，你是过于聪明，你是自以为聪明！”
将自己的衣裳和水壶，三下五除二塞进提包，拎上，踢开门走了。,将自己的衣裳和水壶，利索地塞进提包，拎上，踢开门走了。
因为一想就破坏西湖风景的美，一想就杀风景。,因为一想就破坏西湖风景的美，一想就浪费风景。
我吗，正如大安的意见一样，我们是不胜任的，我是乡政府生产干事，乡上别的事务也很多，大安也有他的信贷工作，我们是心有余而力不足啊！,我吗，正如大安的意见一样，我们是不胜任的，我是乡政府生产干事，乡上别的事务也很多，大安也有他的信贷工作，我们是想做却没有能力啊！
从塔下到一个人工的湖有一条柏树甬道，也有森森之意；可惜树太细瘦，比起我们中山公园，真是小巫见大巫了。,从塔下到一个人工的湖有一条柏树甬道，也有森森之意；可惜树太细瘦，比起我们中山公园，真是远远比不上了。
这样，李葫芦高不成低不就，两个战斗队都没有参加成。,这样，李葫芦没有成就也不愿意将就，两个战斗队都没有参加成。
柳遇春惘然点着头，似乎明白了梅女士的意思，又似乎不大明白；然后，他的脸上浮现一个苦笑，从齿缝中吐出一句“不是冤家不聚头”，便踉跄地跑了出去。,柳遇春惘然点着头，似乎明白了梅女士的意思，又似乎不大明白；然后，他的脸上浮现一个苦笑，从齿缝中吐出一句“仇人不可避免相遇”，便踉跄地跑了出去。
大癞蛤蟆想吃天鹅肉，想不到小癞蛤蟆也想吃天鹅肉,大癞蛤蟆做梦想吃天鹅肉，想不到小癞蛤蟆也想吃天鹅肉
花脖子是高密东北乡土匪的大旗，抓住他，东北乡土匪就树倒猢狲散。,花脖子是高密东北乡土匪的大旗，抓住他，东北乡土匪就散伙了。
昔人以为荔枝味似软枣，实在是风马牛不相及。,昔人以为荔枝味似软枣，实在是毫不相关。
打开天窗说亮话，你的小命攥在我手心里。,公开说明，你的小命攥在我手心里。
"""楚雁潮急切地问，他对于医学是个十足的门外汉。",楚雁潮急切地问，他对于医学完全不懂。
他们离不开自己的安乐窝，贪恋家里的那点盆盆罐罐。,他们离不开自己的幸福家园，贪恋家里的那点盆盆罐罐。
及至上了车，被这位的超常的善意赶跑了的灵机才溜回来，我这才领悟，像这样罕见的人，我应该同他结为忘年交。,及至上了车，被这位的超常的善意赶跑了的灵机才溜回来，我这才领悟，像这样罕见的人，我应该同他结为不顾年龄的好朋友。
我一面仍然不忘记人肉包子迷魂汤一类故事上的危险事情，独自走在最后一点，以为若果是前面的人一落了陷阱，我即刻就向后转。,我一面仍然不忘记人肉包子下了药的汤一类故事上的危险事情，独自走在最后一点，以为若果是前面的人一落了陷阱，我即刻就向后转。
千万别把这不得已而为之看成美德，一说“我们”便意味着迁就和表彰，一提“他们”就已经受了伤害。,千万别把必须做看成美德，一说“我们”便意味着迁就和表彰，一提“他们”就已经受了伤害。
阿秋嫂子，你就听他嚼舌根，信口打哇哇，当个耳边风算什么。”,阿秋嫂子，你就听他嚼舌根，信口打哇哇，当个听后不放在心上的话算什么。”
她走出化妆间，又去推暗房的门，手摸着开关，一开，红灯亮了，聚着一点，其余都是黑，含着个心事般的，又还是万变不离其宗的那个“宗”字。,她走出化妆间，又去推暗房的门，手摸着开关，一开，红灯亮了，聚着一点，其余都是黑，含着个心事般的，又还是表面上更改样式，变化，实际上本质未改，目的依旧的那个“宗”字。
沙复明也是个老江湖了，哪里能受她的摆布。,沙复明也是个在外多年，很有阅历，处世圆滑的人了，哪里能受她的摆布。
我是老上海，你不要乱敲竹杠！’,我是老上海，你不要胡乱敲诈！’
程子卿的态度也从容些了，更低声地说：“二老板恨得你要死，这人是杀人不见血的。,程子卿的态度也从容些了，更低声地说：“二老板恨得你要死，这人是害人的手段非常阴险毒辣的。
这不是说背后就可以放冷箭说人家坏话。,这不是说背后就可以暗中害人说人家坏话。
贝尔纳斯自题这样一个书名，想来是表示他在做国务卿办外交的时候有许多话不便“老实说”，现在是自由了，无官一身轻了，不妨“老实说”了——原名直译该是《老实说》，还不是《老实话》。,贝尔纳斯自题这样一个书名，想来是表示他在做国务卿办外交的时候有许多话不便“老实说”，现在是自由了，不做官了，感到一身轻松了，不妨“老实说”了——原名直译该是《老实说》，还不是《老实话》。
俗语道，“一问三不知”，就指的这种世故人。,俗语道，“实际情况一点也不知道”，就指的这种世故人。
况西堂（快刀斩乱麻，不等他再谈下去，就——）咱们不谈，不谈。,况西堂（做事果断，不拖拉，很快就将事情处理好了，不等他再谈下去，就——）咱们不谈，不谈。
自然也是有志者事竟成呵，当他们游莫干山时，娴娴已经出落得又活泼又大方，知道了如何在人前对丈夫表示细腻的昵爱了。,自然也是有志向的人，做事终究会成功呵，当他们游莫干山时，娴娴已经出落得又活泼又大方，知道了如何在人前对丈夫表示细腻的昵爱了。
“我们到二姊面前撺怂着竹斋放胆做公债，你要说雷参谋是吃了败仗受伤，活活地捉到天津――嗳，你要说得像些，留心露马脚！”,“我们到二姊面前撺怂着竹斋放胆做公债，你要说雷参谋是吃了败仗受伤，活活地捉到天津――嗳，你要说得像些，留心显出破绽、暴露真相！”
成功之后遭人冷语，正好给你泼冷水，不致使胜利冲昏你的头脑。,成功之后遭人冷语，正好给你打击，不致使胜利冲昏你的头脑。
武库中，十八般武艺用的家伙似乎都全了！,武库中，各种武艺用的家伙似乎都全了！
假若，她想，方法想得不好，而自己“赔了夫人又折兵”那才丢透了脸！,假若，她想，方法想得不好，而自己“想占便宜，反而受到双重损失”那才丢透了脸！
我们有自古流传的两句话：一是“衣食足则知荣辱”，见于《管子·牧民》篇，一是“民以食为天”，是汉朝郦食其说的。,我们有自古流传的两句话：一是“衣食足则知荣辱”，见于《管子·牧民》篇，一是“人民以粮食为自己生活所系”，是汉朝郦食其说的。
能体会到人家电影导演在如此荒凉破旧的地方，都能化腐朽为神奇，搞出轰动世界,能体会到人家电影导演在如此荒凉破旧的地方，都能变坏为好，搞出轰动世界
但啥事经不住时候长，三个月下来，天天白刀子进红刀子出，习惯成自然，心就硬了。,但啥事经不住时候长，三个月下来，天天白刀子进红刀子出，习惯就能接受了，心就硬了。
“大老板，无事不登三宝殿，我是有点小事特意来这里的。,“大老板，没事不上门，我是有点小事特意来这里的。
我呢，吃力不讨好，出钱出力出时间，落得是一场不愉快，这真叫伤感情。,我呢，事情棘手难办，出钱出力出时间，落得是一场不愉快，这真叫伤感情。
我向痰盂怅望，嗟叹了两声，似有“一失足成千古恨”之感。,我向痰盂怅望，嗟叹了两声，似有“一旦堕落或犯了严重错误，就成为终身的恨事”之感。
婉卿，你不要顾左右而言他，且说我这水字改得好不好？”,婉卿，你不要转移话题，且说我这水字改得好不好？”
铁的栅栏变成了轻飘飘的藤萝，在猴子们的搀扶下，你蹦上了高山又跳下深涧，还依样画葫芦，手扯藤萝荡秋千。,铁的栅栏变成了轻飘飘的藤萝，在猴子们的搀扶下，你蹦上了高山又跳下深涧，还模仿，手扯藤萝荡秋千。
天星俨然是妹妹的守护神，他不希望任何人来打扰妹妹，对陈淑彦下了逐客令，你瞅瞅她就得了，走吧！,天星俨然是妹妹的守护神，他不希望任何人来打扰妹妹，赶走了陈淑彦，你瞅瞅她就得了，走吧！
现在兰亭的“流觞曲水”也和这儿的一鼻孔出气，不过规模大些。,现在兰亭的“流觞曲水”也和这儿的一样，不过规模大些。
他们两弟兄应当留在家里担任戏台上跑龙套的角色。,他们两弟兄应当留在家里担任戏台上配角的角色。
拱墓时选了许多地方，都不理想，爹提出就在七里沟的坡根，说：“让我埋在那里好，我一生过五关斩六将，就是在七里沟走了麦城，我死了再守着那条沟。”,拱墓时选了许多地方，都不理想，爹提出就在七里沟的坡根，说：“让我埋在那里好，我一生经历很多，就是在七里沟走了麦城，我死了再守着那条沟。”
他若有所悟地念道：春蚕到死丝方尽，蜡炬成灰泪始干。,他若有所悟地念道：情深谊长，到死也不会改变，蜡炬成灰泪始干。
有人说女人其“趣”在于美，但美也似乎无标准，情人眼里出西施，有的喜欢瘦的，有的却喜欢胖的，有的说女人之“趣”在眼睛，有的说头发，也有的说是内在美，总之不一而定，随个所好。,有人说女人其“趣”在于美，但美也似乎无标准，由于有感情，觉得对方无一处不美，有的喜欢瘦的，有的却喜欢胖的，有的说女人之“趣”在眼睛，有的说头发，也有的说是内在美，总之不一而定，随个所好。
柳原伴着他们上楼，一路上大家仿佛他乡遇故知似的，不断的表示惊讶与愉快。,柳原伴着他们上楼，一路上大家仿佛他乡遇故人似的，不断的表示惊讶与愉快。
不能那样温良恭俭让……”但台上那两个戴塑料眼镜的学生没理他，继续边翻书边讲。,不能那样温温和、善良、恭敬、节俭、忍让这五种美德……”但台上那两个戴塑料眼镜的学生没理他，继续边翻书边讲。
可是，如前面引过的，“知人知面不知心”，不看什么人就掏出自己的心肝来，人家也许还嫌血腥气呢！,可是，如前面引过的，“认识一个人容易，但要了解一个人的内心却很困难”，不看什么人就掏出自己的心肝来，人家也许还嫌血腥气呢！
最可怕的就是这满脸：所谓“施施然拒人于千里之外”者，便是这种脸了。,最可怕的就是这满脸：所谓“施施然拒绝别人的亲近”者，便是这种脸了。
你要知道，自从九一八以后，东洋人的势力也并不集中，谁都想建功争胜，强中自有强中手。,你要知道，自从九一八以后，东洋人的势力也并不集中，谁都想建功争胜，技艺无止境，不能自满自大。
有的说，这山望着那山高，咱们这些苦人干什么也发不了财，先忍着吧！,有的说，爬上这一座山，觉得那一座山更高，咱们这些苦人干什么也发不了财，先忍着吧！
“小鬼，你少流一点猫儿尿好了，不要当到我假慈悲。”,“小鬼，你少流一点猫儿尿好了，不要当到我假装慈悲。”
李石清哼，人逢喜事精神爽，也许现在——立刻我要有一件最开心的事。,李石清哼，人遇到喜庆之事则心情舒畅，也许现在——立刻我要有一件最开心的事。
乡下人问题就只是缴钱了事，收据有无本不重要，因此敲边鼓凑和说：“那不要紧，改天送来也成。,乡下人问题就只是缴钱了事，收据有无本不重要，因此从旁帮腔凑和说：“那不要紧，改天送来也成。
可左右打量，这种情况，并不是一处两处；这种局面，也不是一天两天形成的，一个人两个人形成的；天下不是一个坏人，天下乌鸦一般黑；而为了一般黑去抓乌鸦，或者为了这帮乌鸦去抓另一帮乌鸦，老邢怀疑自己工作的意义。,可左右打量，这种情况，并不是一处两处；这种局面，也不是一天两天形成的，一个人两个人形成的；天下不是一个坏人，任何地方的坏人都是同样的坏；而为了一般黑去抓乌鸦，或者为了这帮乌鸦去抓另一帮乌鸦，老邢怀疑自己工作的意义。
自然羊毛出在羊身上，什么都有买客来负担去，但是销路可就减少了。,自然表面上用于某人或某些人的钱物，最终还是取自某人或某些人自身，什么都有买客来负担去，但是销路可就减少了。
对了，除非你取消价值不论价值，人才都是一样的，世界才是和平的，才是‘四海之内皆兄弟’，才能重归伊甸园。,对了，除非你取消价值不论价值，人才都是一样的，世界才是和平的，才是‘世界各国的人民都象兄弟一样’，才能重归伊甸园。
打吊瓶，这实在是一件可望而不可及的事情，不知道是怎样的福，红旗没享过。,打吊瓶，这实在是一件只可仰望而不可接近的事情，不知道是怎样的福，红旗没享过。
文博士以为事都好办，只是委员们缺少办事的能力，与不懂得美国的方法，所以把他的话作为耳旁风。,文博士以为事都好办，只是委员们缺少办事的能力，与不懂得美国的方法，所以把他的话作为空气。
其实都是瞎吵一气，牛头不对马嘴的，越吵越糊涂。,其实都是瞎吵一气，对不上号的，越吵越糊涂。
这时，王琦瑶便暗自打量，猜那人的家庭和职业，再用些闲话去套，套出的几句实情，竟也能八九不离十。,这时，王琦瑶便暗自打量，猜那人的家庭和职业，再用些闲话去套，套出的几句实情，竟也能差不多。
我大为兴奋，头一次听说沙哈拉威人也洗澡，岂不要打破沙锅问到底。,我大为兴奋，头一次听说沙哈拉威人也洗澡，岂不要追究事情的根底。
孟老夫子认为物以稀为贵，并不仅仅因为毛孩是返祖现象政府才给予高度重视。,孟老夫子认为事物因稀少而且有益，从而显得珍贵，并不仅仅因为毛孩是返祖现象政府才给予高度重视。
虽然理智告诉她，事实上是二者不可得兼，可是感情上她终不肯牺牲了后面的那一桩。,虽然理智告诉她，事实上是只能得到一个，可是感情上她终不肯牺牲了后面的那一桩。
他知道小陈聪明，但是不愿意教他贪多嚼不烂。,他知道小陈聪明，但是不愿意教他图多而做不好。
最后说个其五，由我的本业语文方面看，她下笔，走的是平实浅易一路，与一股时风，或有些人，可浅出偏偏深出，可直说偏偏曲说，可拉家常偏偏掉书袋，不同。,最后说个其五，由我的本业语文方面看，她下笔，走的是平实浅易一路，与一股时风，或有些人，可浅出偏偏深出，可直说偏偏曲说，可拉家常偏偏引用古书词句，卖弄才学，不同。
古语说得好，“来而不往非礼也”，无论古今，人情总是一样的。,古语说得好，“对别人给予自己的善意，应当做出友好的反应，否则是不合乎礼节的”，无论古今，人情总是一样的。
曾皓（摇首）“知子莫若父”，他没有志气，早晚他还是会——（似乎不愿再,曾皓（摇首）“没有比父亲更了解儿子的了”，他没有志气，早晚他还是会——（似乎不愿再
没救并不是老邢不想救，而是为了放长线钓大鱼。,没救并不是老邢不想救，而是为了从长远打算。
没救并不是老邢不想救，而是为了放长线钓大鱼。,没救并不是老邢不想救，而是为了从长远打算。
杜秋妹、车把式、拖拉机手、腊梅嫂这几个不打不相识的朋友聚在一起，冷静地分析了情况，大家一致认为：走是不现实的，因为路上的车一辆接一辆，要想掉转车头抢在雷雨之前赶回家，简直比登天还难。,杜秋妹、车把式、拖拉机手、腊梅嫂这几个经过交手才相互了解的朋友聚在一起，冷静地分析了情况，大家一致认为：走是不现实的，因为路上的车一辆接一辆，要想掉转车头抢在雷雨之前赶回家，简直比登天还难。
事实胜于雄辩，现在主公就在眼前，粮食就在眼前，主公却不吃。,事实比狡辩更有说服力，现在主公就在眼前，粮食就在眼前，主公却不吃。
胡四（应声虫，一嘴的谎）是，是啊，导演说今天我不来，片子就不能拍了。,胡四（寄生虫，一嘴的谎）是，是啊，导演说今天我不来，片子就不能拍了
他还用高小里学过的成语补充说：“天有不测风云，人有旦夕祸福……”,他还用高小里学过的成语补充说：灾祸的发生，事先是无法预料的。
所以傳教士成了縣官的眼中釘，肉中刺。,所以傳教士成了縣官针对的人。
他想着那情景，不由得嘿嘿地笑起来，下结论说：“真是隔行如隔山。”,他想着那情景，不由得嘿嘿地笑起来，下结论说：“真是各行职业专业不同。”
没有人会相信春来能出落成今天的这副模样，什么叫女大十八变?,没有人会相信春来能出落成今天的这副模样，什么叫女孩长大了变化很大?
生命在迅雷不及掩耳的一瞬中结束了，他倒在那残破的宝船上，滚热的鲜血把琢玉人和碎玉连成一体！,生命在极快的一瞬中结束了，他倒在那残破的宝船上，滚热的鲜血把琢玉人和碎玉连成一体！
郡遣督邮至，县吏说他应该束带见督邮，陶渊明叹曰：“吾不能为五斗米折腰。”,郡遣督邮至，县吏说他应该束带见督邮，陶渊明叹曰：“吾不能向物质屈服。”
滑天下之大稽，那时我一个人开始闷笑起来，以后他说什么，我完全没有听见。,太好笑了，那时我一个人开始闷笑起来，以后他说什么，我完全没有听见。
小蛤蟆揿着电喇叭，到处宣传：不要怕，不要怕，真金不怕火炼，是铁不怕炼钢，你是只铁锅，炼出来就是钢锅；你是只铁钉，炼出来就是只钢钉；你是只铁铲子，炼出来就是钢铲子；你是只铁簪子，炼出来就是只钢簪子。,小蛤蟆揿着电喇叭，到处宣传：不要怕，不要怕，品质好的人经得住任何考验，你是只铁锅，炼出来就是钢锅；你是只铁钉，炼出来就是只钢钉；你是只铁铲子，炼出来就是钢铲子；你是只铁簪子，炼出来就是只钢簪子。
“胜败乃兵家常事，大姐莫自馁，同六姐摆一盘吧。”,“胜败是经常发生的，大姐莫自馁，同六姐摆一盘吧。”
“水至清则无鱼”，净和垢历来并存，只是比例变动而已。,“水清鱼儿就没法生存”，净和垢历来并存，只是比例变动而已。
像是还不能，因为一，季先生和悔恨者都是受害者，语云，一个巴掌拍不响，就还要有加害者。,像是还不能，因为一，季先生和悔恨者都是受害者，语云，都有责任，就还要有加害者。
结果可以想见，是群起而攻之以后，被撤职，逐出北大。,结果可以想见，是大家一起反对以后，被撤职，逐出北大。
当静女士给两人介绍过以后，抱素忙把这两天内有不少同学因为在马路上演讲废除不平等条约而被捕的消息，用极动听的口吻，报告了两位女士，末了还附着批评道：“这些运动，我们是反对的；空口说白话，有什么意思，徒然使西牢里多几个犯人！,当静女士给两人介绍过以后，抱素忙把这两天内有不少同学因为在马路上演讲废除不平等条约而被捕的消息，用极动听的口吻，报告了两位女士，末了还附着批评道：“这些运动，我们是反对的；光说不做，有什么意思，徒然使西牢里多几个犯人！
她们一般是利用反其道而行之的原理，推算时尚的进程。,她们一般是利用采取相反办法的原理，推算时尚的进程。
罗兰，你也是做着损人不利己的事，你也何苦来呢？”,罗兰，你也是做着伤害别人又对自己没好处的事，你也何苦来呢？”
木蘭又說：「不然叫小夫或是肖夫，取其有其父必有其子之意。,木蘭又說：「不然叫小夫或是肖夫，取其有父必有子之意。
定住的猫在他的“咒语”中活动开来，猫嘴里发出人的叫声，猫腿高抬慢落，徘徊行走，八匹猫好像八个足登厚底朝靴在舞台上走过场的奸臣。,定住的猫在他的“咒语”中活动开来，猫嘴里发出人的叫声，猫腿高抬慢落，徘徊行走，八匹猫好像八个足登厚底朝靴在舞台上路过的奸臣。
他一没参与公司的事，二没受过雷大空的贿，这明明是巩家人为了逃避自己，要拿金狗当替罪羊啊！”,他一没参与公司的事，二没受过雷大空的贿，这明明是巩家人为了逃避自己，要拿金狗当替罪的啊！”
生活的环境不大协调，似乎是个“出污泥而不染”的人物。,生活的环境不大协调，似乎是个身处污浊之地不被感染的人物。
把金印作为敲门砖随手一敲，敲开的却是一个芳香浓郁的酒窖，所谓“魏晋风度”也就从这里飘散出来了。,把金印作为钥匙随手一敲，敲开的却是一个芳香浓郁的酒窖，所谓“魏晋风度”也就从这里飘散出来了。
古代一个皇帝说：“马上得天下，不能马上治之！”,古代一个皇帝说：“可以用武力夺取天下，却不能用来治理国家。”
上善说：“他专制，搞一言堂。”,上善说：“他专制，搞独裁。”
而且，大净中很可能潜伏着大垢，“含剧毒而无迹”；大垢中也可能隐藏着大净，“出淤泥而不染”。,而且，大净中很可能潜伏着大垢，“含剧毒而无迹”；大垢中也可能隐藏着大净，在秽浊的环境下保持自我。
"我们中国有一句古谚，说""百闻不如一见""，亦愿海外的朋友们，都来读一读这本中国回族女作家写的奇书！","我们中国有一句古谚，说""见一面比得上听一遍""，亦愿海外的朋友们，都来读一读这本中国回族女作家写的奇书！"
少安笑着说：“我也是事后诸葛亮！,少安笑着说：“我也是事后称可以预言的人！
房子盖好后，我希望母亲能改善饮食，让久违的肉类重新登上我家的饭桌，谁知母亲的节俭比盖房前有过之而无不及。,房子盖好后，我希望母亲能改善饮食，让久违的肉类重新登上我家的饭桌，谁知母亲的节俭比盖房前更好。
虽然这全是无秩序的不足为外人道的自己又卑劣又无聊的感想，只要是能写，又能卖，我仍然得靠这个东西救活我这一家三人的性命。,虽然这全是无秩序的不要把有关事情告诉别人的自己又卑劣又无聊的感想，只要是能写，又能卖，我仍然得靠这个东西救活我这一家三人的性命。
好像自从盘古开天地，这里就有一个侉奶奶。,好像自从新开始，这里就有一个侉奶奶。
你还说什么‘小不忍则乱大谋’，事到如今，还有什么大谋可言？,你还说什么‘为干大事而不计较小事’，事到如今，还有什么大谋可言？
“既然刘大人看得起我们，我们就恭敬不如从命吧！,“既然刘大人看得起我们，我们就遵从吧！
什么事情都不能照葫芦画瓢，明白了吗？”,什么事情都不能照着模仿，明白了吗？”
哪里能那么巧，一辈子正好就赶上这一锤子买卖。,哪里能那么巧，一辈子正好就赶上这说好买卖。
高音喇叭不休息，正在广播两报一刊元旦社论《世上无难事，只要肯登攀》。,高音喇叭不休息，正在广播两报一刊元旦社论《世间没有难事，只要肯登攀》。
她驴唇不对马嘴地回答：可怜大地鱼虾尽，惟有孤独刘将军！,她回答不对应问题地回答：可怜大地鱼虾尽，惟有孤独刘将军！
卫队既在场内和门外放枪，还觉杀的不痛快，更拦着路邀击；其泄忿之道，真是无所不用其极了！,卫队既在场内和门外放枪，还觉杀的不痛快，更拦着路邀击；其泄忿之道，真是未达目的了！
有两句古语说，“一年之计在于春，一日之计在于晨”，这大概是给农民说的。,有两句古语说，“春的时间宝贵，一日之计在于晨”，这大概是给农民说的。
或叔侄同窗，或兄弟数人，几年下来，倒显得老汪桃李满天下。,或叔侄同窗，或兄弟数人，几年下来，倒显得老汪学生多。
